{"type": "metrics", "dataset": "train", "precision": 0.9948742982670247, "balanced_accuracy": 0.9306757214977575, "recall": 0.8626455026455027, "f1_score": 0.9240535026071186}
{"type": "metrics", "dataset": "test", "precision": 0.6620689655172414, "balanced_accuracy": 0.6737580314065474, "recall": 0.40293809024134314, "f1_score": 0.5009784735812133}
{"type": "cm_matrix", "dataset": "train", "true_0": {"predicted_0": 16207, "predicted_1": 21}, "true_1": {"predicted_0": 649, "predicted_1": 4076}}
{"type": "cm_matrix", "dataset": "test", "true_0": {"predicted_0": 6681, "predicted_1": 392}, "true_1": {"predicted_0": 1138, "predicted_1": 768}}
